Feature,Mutual Information
entropy_245,0.213164934161177
byte_hist_255,0.19109221616755256
byte_hist_15,0.1886056125650728
byte_hist_199,0.1862470118786188
byte_hist_8,0.1854407775107234
byte_hist_141,0.1853267113896473
byte_hist_236,0.1846226883374309
byte_hist_92,0.1832837486511747
byte_hist_40,0.18292350321512618
byte_hist_64,0.17901557114356903
byte_hist_204,0.1773413597309046
entropy_220,0.17726735825116413
entropy_215,0.17343024400626006
byte_hist_0,0.16958426549550976
byte_hist_136,0.1685771327603609
byte_hist_216,0.1680529119041032
byte_hist_36,0.1668637985173964
