Feature,Class 0 Mean,Class 1 Mean,Mean Difference,Standardized Separation
entropy_50,165.79611650485438,14577.570332480818,14411.774215975964,0.2608944255317924
entropy_48,7789.201109570042,49477.514066496165,41688.31295692612,0.24794690443558676
byte_hist_2,10155.694868238557,4966.75831202046,5188.936556218097,0.22777847110538615
entropy_119,8873.257975034674,2957.388746803069,5915.869228231605,0.22704073383595622
entropy_118,17343.441054091538,5678.943734015345,11664.497320076192,0.22642264478562685
entropy_117,2593.5145631067962,952.2161125319693,1641.2984505748268,0.22399236470954934
byte_hist_10,6284.2163661581135,2926.2813299232735,3357.93503623484,0.22293993335614293
byte_hist_16,9568.14424410541,5012.470588235294,4555.673655870116,0.21991205441572143
entropy_212,47307.08321775312,16668.487212276214,30638.596005476906,0.2129295985087675
byte_hist_15,9017.285714285714,4662.609974424552,4354.675739861162,0.20933880093654433
entropy_128,53969.34535367545,17981.746803069054,35987.5985506064,0.2052836894051972
entropy_135,9038.735090152566,3362.6687979539643,5676.066292198602,0.20451773588033068
byte_hist_40,5963.959778085991,2907.3286445012786,3056.6311335847126,0.20356965625808904
byte_hist_64,7700.809986130374,4124.111253196931,3576.6987329334434,0.20302349491195265
byte_hist_17,5220.99306518724,2538.3874680306903,2682.6055971565497,0.20297278398789176
byte_hist_141,10161.858529819694,4940.768542199488,5221.089987620206,0.20207924959120738
entropy_140,1202.256588072122,381.2531969309463,821.0033911411757,0.19945354720153247
entropy_134,16457.73786407767,5902.680306905371,10555.057557172298,0.19927848210633906
byte_hist_72,18847.50346740638,3368.1994884910487,15479.30397891533,0.19596088869066286
byte_hist_21,5219.212205270458,2704.749360613811,2514.462844656647,0.1953397591926166
