Feature,Correlation,Absolute Correlation
entropy_50,0.12682365131174858,0.12682365131174858
entropy_48,0.12077385489912382,0.12077385489912382
byte_hist_2,-0.11513036965513623,0.11513036965513623
entropy_119,-0.11475645109007813,0.11475645109007813
entropy_118,-0.11437322222636832,0.11437322222636832
entropy_117,-0.1132002905440045,0.1132002905440045
byte_hist_10,-0.1127353726946483,0.1127353726946483
byte_hist_16,-0.11124330324229915,0.11124330324229915
entropy_212,-0.10794887510865692,0.10794887510865692
byte_hist_15,-0.1059955016728617,0.1059955016728617
entropy_128,-0.1041252391244811,0.1041252391244811
entropy_135,-0.1033110230954383,0.1033110230954383
byte_hist_40,-0.1030325682352421,0.1030325682352421
byte_hist_17,-0.10275253366815539,0.10275253366815539
byte_hist_64,-0.10260304530858942,0.10260304530858942
byte_hist_141,-0.10238028734568605,0.10238028734568605
entropy_140,-0.10109032152420667,0.10109032152420667
entropy_134,-0.1005778654577307,0.1005778654577307
byte_hist_72,-0.09950670330733806,0.09950670330733806
byte_hist_21,-0.09892020106952928,0.09892020106952928
